{"base_lr": 8.116224332440548e-06, "lr": 8.116224332440548e-06, "data_time": 0.9206483554840088, "grad_norm": 338.6638668823242, "loss": 44.493096084594725, "loss_obj": 14.743990669250488, "loss_bbox": 4.967233695983887, "loss_kpt": 21.819556579589843, "loss_vis": 0.7284242999553681, "overlaps": 0.21938204765319824, "loss_cls": 2.233890414237976, "time": 1.506210265159607, "epoch": 1, "iter": 50, "memory": 14017, "step": 50}
{"base_lr": 3.246489732976219e-05, "lr": 3.246489732976219e-05, "data_time": 0.8065727090835572, "grad_norm": 509.35770721435546, "loss": 44.22198020935058, "loss_obj": 14.45233533859253, "loss_bbox": 4.93239504814148, "loss_kpt": 22.020401153564453, "loss_vis": 0.7151377081871033, "overlaps": 0.2780582308769226, "loss_cls": 2.1017109966278076, "time": 1.3599896383285524, "epoch": 1, "iter": 100, "memory": 14017, "step": 100}
{"base_lr": 7.304601899196492e-05, "lr": 7.304601899196492e-05, "data_time": 0.7835751628875732, "grad_norm": 378.8289791870117, "loss": 41.55896064758301, "loss_obj": 12.664021434783935, "loss_bbox": 4.729265756607056, "loss_kpt": 21.68176166534424, "loss_vis": 0.6743659436702728, "overlaps": 0.26073330640792847, "loss_cls": 1.809545831680298, "time": 1.3264727401733398, "epoch": 1, "iter": 150, "memory": 14017, "step": 150}
{"base_lr": 0.00012985958931904874, "lr": 0.00012985958931904874, "data_time": 0.6640619039535522, "grad_norm": 158.27596496582032, "loss": 37.708566436767576, "loss_obj": 10.35521448135376, "loss_bbox": 4.2330931234359745, "loss_kpt": 21.444478340148926, "loss_vis": 0.5419099068641663, "overlaps": 0.28171026706695557, "loss_cls": 1.1338703107833863, "time": 1.2235619926452637, "epoch": 1, "iter": 200, "memory": 14017, "step": 200}
{"base_lr": 0.00024018829640451257, "lr": 0.00024018829640451257, "data_time": 0.7019628477096558, "grad_norm": 58.183879699707035, "loss": 29.89262866973877, "loss_obj": 7.114990024566651, "loss_bbox": 3.7411973905563354, "loss_kpt": 17.88170040130615, "loss_vis": 0.41222962260246276, "overlaps": 0.4843505620956421, "loss_cls": 0.7425111758708954, "time": 1.271075267791748, "epoch": 2, "iter": 272, "memory": 14017, "step": 272}
{"base_lr": 0.0003366090414739063, "lr": 0.0003366090414739063, "data_time": 0.7122055625915528, "grad_norm": 51.59308097839355, "loss": 26.79334362030029, "loss_obj": 5.638544940948487, "loss_bbox": 3.6522855520248414, "loss_kpt": 16.42331132888794, "loss_vis": 0.39009836345911025, "overlaps": 0.45010876655578613, "loss_cls": 0.6891032862663269, "time": 1.2459460592269898, "epoch": 2, "iter": 322, "memory": 14017, "step": 322}
{"base_lr": 0.00044926223520818113, "lr": 0.00044926223520818113, "data_time": 0.6804608726501464, "grad_norm": 41.60804553985596, "loss": 24.542650985717774, "loss_obj": 4.968967361450195, "loss_bbox": 3.468698682785034, "loss_kpt": 15.09533519744873, "loss_vis": 0.36464648842811587, "overlaps": 0.5065112113952637, "loss_cls": 0.645003366470337, "time": 1.247350025177002, "epoch": 2, "iter": 372, "memory": 14017, "step": 372}
{"base_lr": 0.0005781478776073372, "lr": 0.0005781478776073372, "data_time": 0.7443971300125122, "grad_norm": 34.200116653442386, "loss": 23.581374702453612, "loss_obj": 4.452890458106995, "loss_bbox": 3.4554089736938476, "loss_kpt": 14.692292518615723, "loss_vis": 0.3541000896692276, "overlaps": 0.4972872734069824, "loss_cls": 0.6266824972629547, "time": 1.2789892530441285, "epoch": 2, "iter": 422, "memory": 14017, "step": 422}
{"base_lr": 0.0007922603684765849, "lr": 0.0007922603684765849, "data_time": 0.7053944301605225, "grad_norm": 28.682961769104004, "loss": 23.717567138671875, "loss_obj": 4.272939066886902, "loss_bbox": 3.4936017990112305, "loss_kpt": 14.922887630462647, "loss_vis": 0.3945270401239395, "overlaps": 0.506973922252655, "loss_cls": 0.6336114656925201, "time": 1.2580329370498657, "epoch": 3, "iter": 494, "memory": 14017, "step": 494}
{"base_lr": 0.0009607531856180507, "lr": 0.0009607531856180507, "data_time": 0.6990433645248413, "grad_norm": 21.120301609039306, "loss": 23.085349731445312, "loss_obj": 4.124938797950745, "loss_bbox": 3.409093632698059, "loss_kpt": 14.57619873046875, "loss_vis": 0.36331873029470446, "overlaps": 0.5386178493499756, "loss_cls": 0.6117998743057251, "time": 1.270746340751648, "epoch": 3, "iter": 544, "memory": 14017, "step": 544}
{"base_lr": 0.0011454784514243973, "lr": 0.0011454784514243973, "data_time": 0.6491343259811402, "grad_norm": 23.524177417755126, "loss": 22.812318992614745, "loss_obj": 4.063653016090393, "loss_bbox": 3.392007312774658, "loss_kpt": 14.396217613220214, "loss_vis": 0.34275815069675447, "overlaps": 0.485297292470932, "loss_cls": 0.6176831078529358, "time": 1.2236274003982544, "epoch": 3, "iter": 594, "memory": 14017, "step": 594}
{"base_lr": 0.0013464361658956257, "lr": 0.0013464361658956257, "data_time": 0.7286901664733887, "grad_norm": 16.874805431365967, "loss": 22.311889686584472, "loss_obj": 4.062481031417847, "loss_bbox": 3.3919108533859252, "loss_kpt": 13.90737720489502, "loss_vis": 0.3500643885135651, "overlaps": 0.4688737690448761, "loss_cls": 0.6000559806823731, "time": 1.2817753982543945, "epoch": 3, "iter": 644, "memory": 14017, "step": 644}
{"base_lr": 0.0016643324405486572, "lr": 0.0016643324405486572, "data_time": 0.720343861579895, "grad_norm": 18.158441886901855, "loss": 22.457939949035644, "loss_obj": 4.094660787582398, "loss_bbox": 3.303141679763794, "loss_kpt": 14.116491718292236, "loss_vis": 0.34821433037519456, "overlaps": 0.5296757221221924, "loss_cls": 0.5954315948486328, "time": 1.2905356884002686, "epoch": 4, "iter": 716, "memory": 14017, "step": 716}
{"base_lr": 0.0019048973297621948, "lr": 0.0019048973297621948, "data_time": 0.6601140451431274, "grad_norm": 12.437394819259644, "loss": 21.899241638183593, "loss_obj": 4.050744118690491, "loss_bbox": 3.24215482711792, "loss_kpt": 13.679968357086182, "loss_vis": 0.33716521471738814, "overlaps": 0.6157877445220947, "loss_cls": 0.5892088806629181, "time": 1.2383984375, "epoch": 4, "iter": 766, "memory": 14017, "step": 766}
{"base_lr": 0.0021616946676406143, "lr": 0.0021616946676406143, "data_time": 0.7096117687225342, "grad_norm": 13.54874755859375, "loss": 22.166481857299804, "loss_obj": 4.079976010322571, "loss_bbox": 3.411512475013733, "loss_kpt": 13.737009677886963, "loss_vis": 0.34499891102313995, "overlaps": 0.5260496139526367, "loss_cls": 0.5929850518703461, "time": 1.2790994024276734, "epoch": 4, "iter": 816, "memory": 14017, "step": 816}
{"base_lr": 0.0024347244541839145, "lr": 0.0024347244541839145, "data_time": 0.7221827507019043, "grad_norm": 12.89670126914978, "loss": 22.013149452209472, "loss_obj": 4.140149092674255, "loss_bbox": 3.3232905864715576, "loss_kpt": 13.612717590332032, "loss_vis": 0.35101435899734496, "overlaps": 0.5109944939613342, "loss_cls": 0.5859776747226715, "time": 1.2767547464370728, "epoch": 4, "iter": 866, "memory": 14017, "step": 866}
{"base_lr": 0.0028564045126207296, "lr": 0.0028564045126207296, "data_time": 0.7045545148849487, "grad_norm": 9.647190170288086, "loss": 22.1102872467041, "loss_obj": 4.067418127059937, "loss_bbox": 3.2894151782989502, "loss_kpt": 13.821396808624268, "loss_vis": 0.3395765590667725, "overlaps": 0.5249857306480408, "loss_cls": 0.5924803149700165, "time": 1.2589111328125, "epoch": 5, "iter": 938, "memory": 14017, "step": 938}
{"base_lr": 0.00316904147390634, "lr": 0.00316904147390634, "data_time": 0.7242124032974243, "grad_norm": 9.373078775405883, "loss": 21.85765132904053, "loss_obj": 4.102239756584168, "loss_bbox": 3.3012284421920777, "loss_kpt": 13.523988056182862, "loss_vis": 0.3505855309963226, "overlaps": 0.5398979187011719, "loss_cls": 0.5796096384525299, "time": 1.2465015459060669, "epoch": 5, "iter": 988, "memory": 14017, "step": 988}
{"base_lr": 0.003497910883856831, "lr": 0.003497910883856831, "data_time": 0.7070463800430298, "grad_norm": 9.305522804260255, "loss": 20.925722732543946, "loss_obj": 3.965900421142578, "loss_bbox": 3.203944411277771,